match_id,match_date,home_team,away_team,home_key,away_key,reason
15946,2018-08-18,Barcelona,Deportivo Alavés,barcelona,deportivoalaves,No pre-match identity match in odds source (including fuzzy)
15956,2018-08-25,Real Valladolid,Barcelona,realvalladolid,barcelona,No pre-match identity match in odds source (including fuzzy)
15973,2018-09-02,Barcelona,Huesca,barcelona,huesca,No pre-match identity match in odds source (including fuzzy)
15978,2018-09-15,Real Sociedad,Barcelona,realsociedad,barcelona,No pre-match identity match in odds source (including fuzzy)
15986,2018-09-23,Barcelona,Girona,barcelona,girona,No pre-match identity match in odds source (including fuzzy)
15998,2018-09-26,Leganés,Barcelona,leganes,barcelona,No pre-match identity match in odds source (including fuzzy)
16010,2018-09-29,Barcelona,Athletic Club,barcelona,athleticclub,No pre-match identity match in odds source (including fuzzy)
16023,2018-10-07,Valencia,Barcelona,valencia,barcelona,No pre-match identity match in odds source (including fuzzy)
16029,2018-10-20,Barcelona,Sevilla,barcelona,sevilla,No pre-match identity match in odds source (including fuzzy)
16056,2018-11-11,Barcelona,Real Betis,barcelona,betis,No pre-match identity match in odds source (including fuzzy)
16073,2018-11-24,Atlético Madrid,Barcelona,atleticomadrid,barcelona,No pre-match identity match in odds source (including fuzzy)
16079,2018-12-02,Barcelona,Villarreal,barcelona,villareal,No pre-match identity match in odds source (including fuzzy)
16086,2018-12-08,Espanyol,Barcelona,espanyol,barcelona,No pre-match identity match in odds source (including fuzzy)
16095,2018-12-16,Levante UD,Barcelona,levanteud,barcelona,No pre-match identity match in odds source (including fuzzy)
16109,2018-12-22,Barcelona,Celta Vigo,barcelona,celtavigo,No pre-match identity match in odds source (including fuzzy)
16120,2019-01-06,Getafe,Barcelona,getafe,barcelona,No pre-match identity match in odds source (including fuzzy)
16131,2019-01-13,Barcelona,Eibar,barcelona,eibar,No pre-match identity match in odds source (including fuzzy)
16136,2019-01-20,Barcelona,Leganés,barcelona,leganes,No pre-match identity match in odds source (including fuzzy)
16149,2019-01-27,Girona,Barcelona,girona,barcelona,No pre-match identity match in odds source (including fuzzy)
16157,2019-02-02,Barcelona,Valencia,barcelona,valencia,No pre-match identity match in odds source (including fuzzy)
16173,2019-02-10,Athletic Club,Barcelona,athleticclub,barcelona,No pre-match identity match in odds source (including fuzzy)
16182,2019-02-16,Barcelona,Real Valladolid,barcelona,realvalladolid,No pre-match identity match in odds source (including fuzzy)
16190,2019-02-23,Sevilla,Barcelona,sevilla,barcelona,No pre-match identity match in odds source (including fuzzy)
16196,2019-03-02,Real Madrid,Barcelona,realmadrid,barcelona,No pre-match identity match in odds source (including fuzzy)
16205,2019-03-09,Barcelona,Rayo Vallecano,barcelona,rayo,No pre-match identity match in odds source (including fuzzy)
16215,2019-03-17,Real Betis,Barcelona,betis,barcelona,No pre-match identity match in odds source (including fuzzy)
16231,2019-03-30,Barcelona,Espanyol,barcelona,espanyol,No pre-match identity match in odds source (including fuzzy)
16240,2019-04-02,Villarreal,Barcelona,villareal,barcelona,No pre-match identity match in odds source (including fuzzy)
16248,2019-04-06,Barcelona,Atlético Madrid,barcelona,atleticomadrid,No pre-match identity match in odds source (including fuzzy)
16265,2019-04-20,Barcelona,Real Sociedad,barcelona,realsociedad,No pre-match identity match in odds source (including fuzzy)
16275,2019-04-23,Deportivo Alavés,Barcelona,deportivoalaves,barcelona,No pre-match identity match in odds source (including fuzzy)
16289,2019-04-27,Barcelona,Levante UD,barcelona,levanteud,No pre-match identity match in odds source (including fuzzy)
16306,2019-05-12,Barcelona,Getafe,barcelona,getafe,No pre-match identity match in odds source (including fuzzy)
16317,2019-05-19,Eibar,Barcelona,eibar,barcelona,No pre-match identity match in odds source (including fuzzy)
303666,2019-09-21,Granada,Barcelona,granada,barcelona,No pre-match identity match in odds source (including fuzzy)
303430,2019-09-24,Barcelona,Villarreal,barcelona,villareal,No pre-match identity match in odds source (including fuzzy)
303473,2019-10-06,Barcelona,Sevilla,barcelona,sevilla,No pre-match identity match in odds source (including fuzzy)
303700,2019-10-19,Eibar,Barcelona,eibar,barcelona,No pre-match identity match in odds source (including fuzzy)
303600,2019-10-29,Barcelona,Real Valladolid,barcelona,realvalladolid,No pre-match identity match in odds source (including fuzzy)
303504,2019-11-02,Levante UD,Barcelona,levanteud,barcelona,No pre-match identity match in odds source (including fuzzy)
303487,2019-11-09,Barcelona,Celta Vigo,barcelona,celtavigo,No pre-match identity match in odds source (including fuzzy)
303715,2019-11-23,Leganés,Barcelona,leganes,barcelona,No pre-match identity match in odds source (including fuzzy)
303524,2019-12-01,Atlético Madrid,Barcelona,atleticomadrid,barcelona,No pre-match identity match in odds source (including fuzzy)
303451,2019-12-07,Barcelona,Mallorca,barcelona,mallorca,No pre-match identity match in odds source (including fuzzy)
303664,2019-12-14,Real Sociedad,Barcelona,realsociedad,barcelona,No pre-match identity match in odds source (including fuzzy)
303596,2019-12-18,Barcelona,Real Madrid,barcelona,realmadrid,No pre-match identity match in odds source (including fuzzy)
303517,2019-12-21,Barcelona,Deportivo Alavés,barcelona,deportivoalaves,No pre-match identity match in odds source (including fuzzy)
303652,2020-01-04,Espanyol,Barcelona,espanyol,barcelona,No pre-match identity match in odds source (including fuzzy)
303610,2020-01-19,Barcelona,Granada,barcelona,granada,No pre-match identity match in odds source (including fuzzy)
303400,2020-01-25,Valencia,Barcelona,valencia,barcelona,No pre-match identity match in odds source (including fuzzy)
303682,2020-02-02,Barcelona,Levante UD,barcelona,levanteud,No pre-match identity match in odds source (including fuzzy)
303707,2020-02-09,Real Betis,Barcelona,betis,barcelona,No pre-match identity match in odds source (including fuzzy)
303377,2020-02-15,Barcelona,Getafe,barcelona,getafe,No pre-match identity match in odds source (including fuzzy)
303731,2020-02-22,Barcelona,Eibar,barcelona,eibar,No pre-match identity match in odds source (including fuzzy)
303470,2020-03-01,Real Madrid,Barcelona,realmadrid,barcelona,No pre-match identity match in odds source (including fuzzy)
303479,2020-03-07,Barcelona,Real Sociedad,barcelona,realsociedad,No pre-match identity match in odds source (including fuzzy)
303548,2020-06-13,Mallorca,Barcelona,mallorca,barcelona,No pre-match identity match in odds source (including fuzzy)
303532,2020-06-16,Barcelona,Leganés,barcelona,leganes,No pre-match identity match in odds source (including fuzzy)
303674,2020-06-19,Sevilla,Barcelona,sevilla,barcelona,No pre-match identity match in odds source (including fuzzy)
303493,2020-06-23,Barcelona,Athletic Club,barcelona,athleticclub,No pre-match identity match in odds source (including fuzzy)
303516,2020-06-27,Celta Vigo,Barcelona,celtavigo,barcelona,No pre-match identity match in odds source (including fuzzy)
303696,2020-06-30,Barcelona,Atlético Madrid,barcelona,atleticomadrid,No pre-match identity match in odds source (including fuzzy)
303725,2020-07-05,Villarreal,Barcelona,villareal,barcelona,No pre-match identity match in odds source (including fuzzy)
303615,2020-07-08,Barcelona,Espanyol,barcelona,espanyol,No pre-match identity match in odds source (including fuzzy)
303680,2020-07-11,Real Valladolid,Barcelona,realvalladolid,barcelona,No pre-match identity match in odds source (including fuzzy)
303634,2020-07-16,Barcelona,Osasuna,barcelona,osasuna,No pre-match identity match in odds source (including fuzzy)
303421,2020-07-19,Deportivo Alavés,Barcelona,deportivoalaves,barcelona,No pre-match identity match in odds source (including fuzzy)
3773593,2020-09-27,Barcelona,Villarreal,barcelona,villareal,No pre-match identity match in odds source (including fuzzy)
3773466,2020-10-01,Celta Vigo,Barcelona,celtavigo,barcelona,No pre-match identity match in odds source (including fuzzy)
3773672,2020-10-04,Barcelona,Sevilla,barcelona,sevilla,No pre-match identity match in odds source (including fuzzy)
3773587,2020-10-17,Getafe,Barcelona,getafe,barcelona,No pre-match identity match in odds source (including fuzzy)
3773585,2020-10-24,Barcelona,Real Madrid,barcelona,realmadrid,No pre-match identity match in odds source (including fuzzy)
3773386,2020-10-31,Deportivo Alavés,Barcelona,deportivoalaves,barcelona,No pre-match identity match in odds source (including fuzzy)
3773477,2020-11-07,Barcelona,Real Betis,barcelona,betis,No pre-match identity match in odds source (including fuzzy)
3773656,2020-11-21,Atlético Madrid,Barcelona,atleticomadrid,barcelona,No pre-match identity match in odds source (including fuzzy)
3773547,2020-11-29,Barcelona,Osasuna,barcelona,osasuna,No pre-match identity match in odds source (including fuzzy)
3773428,2020-12-05,Cádiz,Barcelona,cadiz,barcelona,No pre-match identity match in odds source (including fuzzy)
3773660,2020-12-13,Barcelona,Levante UD,barcelona,levanteud,No pre-match identity match in odds source (including fuzzy)
3773523,2020-12-16,Barcelona,Real Sociedad,barcelona,realsociedad,No pre-match identity match in odds source (including fuzzy)
3773377,2020-12-19,Barcelona,Valencia,barcelona,valencia,No pre-match identity match in odds source (including fuzzy)
3773571,2020-12-22,Real Valladolid,Barcelona,realvalladolid,barcelona,No pre-match identity match in odds source (including fuzzy)
3773552,2021-01-03,Huesca,Barcelona,huesca,barcelona,No pre-match identity match in odds source (including fuzzy)
3764661,2021-01-06,Athletic Club,Barcelona,athleticclub,barcelona,No pre-match identity match in odds source (including fuzzy)
3773565,2021-01-09,Granada,Barcelona,granada,barcelona,No pre-match identity match in odds source (including fuzzy)
3773403,2021-01-31,Barcelona,Athletic Club,barcelona,athleticclub,No pre-match identity match in odds source (including fuzzy)
3773631,2021-02-07,Real Betis,Barcelona,betis,barcelona,No pre-match identity match in odds source (including fuzzy)
3773526,2021-02-13,Barcelona,Deportivo Alavés,barcelona,deportivoalaves,No pre-match identity match in odds source (including fuzzy)
3773415,2021-02-21,Barcelona,Cádiz,barcelona,cadiz,No pre-match identity match in odds source (including fuzzy)
3764440,2021-02-24,Barcelona,Elche,barcelona,elche,No pre-match identity match in odds source (including fuzzy)
3773625,2021-02-27,Sevilla,Barcelona,sevilla,barcelona,No pre-match identity match in odds source (including fuzzy)
3773665,2021-03-06,Osasuna,Barcelona,osasuna,barcelona,No pre-match identity match in odds source (including fuzzy)
3773369,2021-03-15,Barcelona,Huesca,barcelona,huesca,No pre-match identity match in odds source (including fuzzy)
3773597,2021-03-21,Real Sociedad,Barcelona,realsociedad,barcelona,No pre-match identity match in odds source (including fuzzy)
3773474,2021-04-05,Barcelona,Real Valladolid,barcelona,realvalladolid,No pre-match identity match in odds source (including fuzzy)
3773497,2021-04-10,Real Madrid,Barcelona,realmadrid,barcelona,No pre-match identity match in odds source (including fuzzy)
3773661,2021-04-22,Barcelona,Getafe,barcelona,getafe,No pre-match identity match in odds source (including fuzzy)
3773689,2021-04-25,Villarreal,Barcelona,villareal,barcelona,No pre-match identity match in odds source (including fuzzy)
3773586,2021-04-29,Barcelona,Granada,barcelona,granada,No pre-match identity match in odds source (including fuzzy)
3773695,2021-05-02,Valencia,Barcelona,valencia,barcelona,No pre-match identity match in odds source (including fuzzy)
3773372,2021-05-08,Barcelona,Atlético Madrid,barcelona,atleticomadrid,No pre-match identity match in odds source (including fuzzy)
3773387,2021-05-11,Levante UD,Barcelona,levanteud,barcelona,No pre-match identity match in odds source (including fuzzy)
3773457,2021-05-16,Barcelona,Celta Vigo,barcelona,celtavigo,No pre-match identity match in odds source (including fuzzy)
